<?xml version="1.0" encoding="UTF-8"?><?xml-stylesheet type='text/xsl' href='_UpgradeReport_Files/UpgradeReport.xslt'?><UpgradeLog>
<Properties><Property Name="Solution" Value="66">
</Property><Property Name="Solution File" Value="I:\串口接收程序_lx\66.sln">
</Property><Property Name="User Options File" Value="I:\串口接收程序_lx\66.suo">
</Property><Property Name="Date" Value="2011年6月5日">
</Property><Property Name="Time" Value="14:36">
</Property></Properties><Event ErrorLevel="0" Project="" Source="66.sln" Description="File successfully backed up as I:\串口接收程序_lx\66.sln.old">
</Event><Event ErrorLevel="0" Project="" Source="66.suo" Description="File successfully backed up as I:\串口接收程序_lx\66.suo.old">
</Event><Event ErrorLevel="0" Project="66" Source="66.vcproj" Description="Web deployment to the local IIS server is no longer supported. The Web Deployment build tool has been removed from your project settings.">
</Event><Event ErrorLevel="1" Project="66" Source="66.vcproj" Description="This application has been updated to include settings related to the User Account Control (UAC) feature of Windows Vista. By default, when run on Windows Vista with UAC enabled, this application is marked to run with the same privileges as the process that launched it. This marking also disables the application from running with virtualization. You can change UAC related settings from the Property Pages of the project.">
</Event><Event ErrorLevel="0" Project="66" Source="66.vcproj" Description="Project file successfully backed up as 'I:\串口接收程序_lx\66.vcproj.8.00.old'.">
</Event><Event ErrorLevel="0" Project="66" Source="66.vcproj" Description="Project upgraded successfully.">
</Event><Event ErrorLevel="3" Project="66" Source="66.vcproj" Description="Converted">
</Event><Event ErrorLevel="0" Project="" Source="66.sln" Description="Solution converted successfully">
</Event><Event ErrorLevel="3" Project="" Source="66.sln" Description="Converted">
</Event></UpgradeLog>